,brand_name,model_name,os,popularity,best_price,lowest_price,highest_price,sellers_amount,screen_size,memory_size,battery_size,release_date
0,ALCATEL,1 1/8GB Bluish Black (5033D-2JALUAA),Android,422,1690.0,1529.0,1819.0,36,5.0,8.0,2000.0,10-2020
1,ALCATEL,1 5033D 1/16GB Volcano Black (5033D-2LALUAF),Android,323,1803.0,1659.0,2489.0,36,5.0,16.0,2000.0,9-2020
2,ALCATEL,1 5033D 1/16GB Volcano Black (5033D-2LALUAF),Android,299,1803.0,1659.0,2489.0,36,5.0,16.0,2000.0,9-2020
3,ALCATEL,1 5033D 1/16GB Volcano Black (5033D-2LALUAF),Android,287,1803.0,1659.0,2489.0,36,5.0,16.0,2000.0,9-2020
4,Nokia,1.3 1/16GB Charcoal,Android,1047,1999.0,,,10,5.71,16.0,3000.0,4-2020
5,Honor,10 6/64GB Black,Android,71,10865.0,10631.0,11099.0,2,5.8,64.0,3400.0,6-2018
6,Honor,10 Lite 3/32GB Blue,Android,424,3999.0,,,2,6.21,32.0,3400.0,12-2018
7,Honor,10 Lite 4/64GB Black,Android,134,4973.0,4733.0,5295.0,6,6.21,64.0,3400.0,1-2019
8,Honor,10 lite 3/128GB Blue,Android,477,5100.0,4990.0,5222.0,3,6.21,128.0,3400.0,1-2021
9,Honor,10 lite 3/64GB Black,Android,215,4948.0,4646.0,5372.0,8,6.21,64.0,3400.0,12-2018
10,Honor,10 lite 3/64GB Black,Android,179,4948.0,4646.0,5372.0,8,6.21,64.0,3400.0,12-2018
11,Honor,10 lite 3/64GB Blue,Android,437,5165.0,4897.0,5559.0,7,6.21,64.0,3400.0,12-2018
12,Nokia,105 DS 2019 Pink (16KIGP01A01),,18,583.0,528.0,649.0,28,1.77,0.004,800.0,10-2019
13,Nokia,105 Dual Sim 2019 Black (16KIGB01A01),,262,601.0,539.0,703.0,31,1.77,,800.0,11-2019
14,Nokia,105 Dual Sim 2019 Black (16KIGB01A01),,274,601.0,539.0,703.0,31,1.77,,800.0,11-2019
15,Nokia,105 Dual Sim New Black (A00028315),,507,552.0,499.0,606.0,2,1.8,0.004,800.0,9-2017
16,Nokia,105 Single Sim 2019 Black (16KIGB01A13),,805,536.0,449.0,642.0,31,1.77,,800.0,11-2019
17,Nokia,105 Single Sim 2019 Pink (16KIGP01A13),,692,547.0,496.0,709.0,35,1.77,,800.0,11-2019
18,Nokia,105 Single Sim New Black (A00028356),,460,663.0,499.0,1169.0,5,1.8,0.004,800.0,9-2017
19,Nokia,105 Single Sim New Black (A00028356),,455,663.0,499.0,1169.0,5,1.8,0.004,800.0,9-2017
20,Nokia,105 Single Sim New Blue (A00028372),,378,474.0,450.0,499.0,2,1.8,0.004,800.0,9-2017
21,Nokia,105 Single Sim New White (A00028371),,59,499.0,,,1,1.8,0.004,800.0,9-2017
22,Nokia,106 New DS Grey (16NEBD01A02),,838,596.0,544.0,699.0,35,1.8,,800.0,1-2019
23,Nokia,106 New DS Grey (16NEBD01A02),,841,596.0,544.0,699.0,35,1.8,,800.0,1-2019
24,Honor,10i 4/128GB Black (51093VQV),Android,532,5499.0,,,2,6.21,128.0,3400.0,5-2019
25,Honor,10i 4/128GB Blue (51093VQX),Android,444,5499.0,,,2,6.21,128.0,3400.0,5-2019
26,Nokia,110 Dual Sim 2019 Black (16NKLB01A07),,471,710.0,640.0,1164.0,34,1.77,,800.0,11-2019
27,Nokia,110 Dual Sim 2019 Blue (16NKLL01A04),,248,702.0,640.0,909.0,36,1.77,,800.0,11-2019
28,Nokia,125 Dual Sim Black (16GMNB01A17),,807,992.0,899.0,1249.0,50,2.4,,1020.0,7-2020
29,Meizu,15 4/128GB Black,Android,490,6584.0,,,1,5.45,128.0,3000.0,5-2018
30,Meizu,15 4/64GB Black,Android,166,5272.0,4970.0,5448.0,3,5.45,64.0,3000.0,5-2018
31,Meizu,15 4/64GB Black,Android,125,5272.0,4970.0,5448.0,3,5.45,64.0,3000.0,5-2018
32,Meizu,15 4/64GB Black,Android,116,5272.0,4970.0,5448.0,3,5.45,64.0,3000.0,5-2018
33,Meizu,15 Plus 6/64GB Black,Android,666,5328.0,,,1,5.95,64.0,3500.0,6-2018
34,Meizu,15 Plus 6/64GB Gray,Android,415,5328.0,,,1,5.95,64.0,3500.0,6-2018
35,Meizu,15 Plus 6/64GB Gray,Android,405,5328.0,,,1,5.95,64.0,3500.0,6-2018
36,Nokia,150 Black,,920,1180.0,959.0,1479.0,61,2.4,,1020.0,2-2017
37,Nokia,150 Dual Sim Cyan (16GMNE01A04),,543,1190.0,1090.0,1479.0,39,2.4,,1020.0,7-2020
38,Nokia,150 Dual Sim Red (16GMNR01A02),,835,1196.0,1090.0,1529.0,39,2.4,,1020.0,7-2020
39,Nokia,150 White,,645,1090.0,959.0,1566.0,12,2.4,,1020.0,2-2017
40,Meizu,16 6/128GB Black,Android,1111,5926.0,5290.0,6526.0,11,6.0,128.0,3100.0,11-2018
41,Meizu,16 6/64GB Black,Android,1144,5231.0,4599.0,5759.0,19,6.0,64.0,3100.0,11-2018
42,Meizu,16X 6/128GB Dual Purple,Android,663,5649.0,5599.0,5699.0,2,6.0,128.0,3100.0,3-2020
43,Meizu,16Xs 6/128GB Pearl White,Android,900,7229.0,6840.0,7786.0,11,6.2,128.0,4000.0,11-2020
44,Meizu,16th 6/64GB Black,Android,1063,7776.0,7049.0,8196.0,9,6.0,64.0,3010.0,9-2018
45,ALCATEL,1B 5002H Pine Green (5002H-2BALUA12),Android,195,2399.0,,,4,5.5,16.0,3000.0,9-2020
46,ALCATEL,1B 5002H Prime Black (5002H-2AALUA12),Android,616,2408.0,2168.0,3185.0,31,5.5,16.0,3000.0,9-2020
47,ALCATEL,1SE 3/32GB Power Gray (5030D-2AALUA2),Android,629,3249.0,2889.0,3299.0,38,6.22,32.0,4000.0,10-2020
48,ALCATEL,1SE 4/128GB Agate Green (5030E-2BALUA2),Android,790,3877.0,3581.0,3899.0,35,6.22,128.0,4000.0,10-2020
49,ALCATEL,1SE 4/128GB Agate Green (5030E-2BALUA2),Android,793,3877.0,3581.0,3899.0,35,6.22,128.0,4000.0,10-2020
50,Nokia,2.2 2/16GB Black,Android,1052,2299.0,,,1,5.71,16.0,3000.0,8-2019
51,Nokia,2.3 2/32GB Green,Android,870,2799.0,,,2,6.2,32.0,4000.0,2-2020
52,Nokia,2.4 2/32GB Charcoal,Android,1031,3162.0,2999.0,3299.0,17,6.5,32.0,4500.0,9-2020
53,Honor,20 6/128GB Black,Android,823,9999.0,,,1,6.26,128.0,3750.0,7-2019
54,ALCATEL,2003 Dual SIM Dark Gray (2003D-2AALUA1),,538,655.0,649.0,809.0,26,2.4,,970.0,10-2020
55,ALCATEL,2003 Dual SIM Dark Gray (2003D-2AALUA1),,527,655.0,649.0,809.0,26,2.4,,970.0,10-2020
56,ALCATEL,2003 Dual SIM Metallic Blue (2003D-2BALUA1),,193,654.0,647.0,809.0,27,2.4,,970.0,10-2020
57,ALCATEL,2019 Single SIM Metallic Gray (2019G-3AALUA1),,545,864.0,849.0,1176.0,23,2.4,,970.0,10-2020
58,ALCATEL,2053 Dual SIM Pure White (2053D-2BALUA1),,475,900.0,899.0,938.0,25,2.4,,970.0,10-2020
59,ALCATEL,2053 Dual SIM Volcano Black (2053D-2AALUA1),,585,898.0,795.0,1129.0,33,2.4,,970.0,10-2020
60,Nokia,210 Dual SIM 2019 Black (16OTRB01A02),,464,1153.0,975.0,1199.0,20,2.4,0.016,1020.0,5-2019
61,Nokia,230 Dual Blue (16PCML01A02),,65,1864.0,1717.0,2229.0,33,2.8,0.016,1200.0,3-2019
62,Nokia,230 Dual Dark Silver (A00026971),,860,1847.0,1725.0,1939.0,54,2.8,0.016,1200.0,12-2015
63,Nokia,2720 Flip Black (16BTSB01A10),iOS,883,2530.0,2395.0,2689.0,26,2.8,4.0,1500.0,9-2019
64,Nokia,2720 Flip Red,,721,2567.0,2389.0,2699.0,35,2.8,4.0,1500.0,1-2020
65,Nokia,2720 Flip Red,,719,2567.0,2389.0,2699.0,35,2.8,4.0,1500.0,1-2020
66,realme,3 Pro 6/128GB Nitro Blue,Android,103,7068.0,,,1,6.3,128.0,4045.0,10-2019
67,realme,3 Pro 6/128GB Nitro Blue,Android,128,7068.0,,,1,6.3,128.0,4045.0,10-2019
68,Nokia,3.4 3/64GB Charcoal,Android,1132,3899.0,3550.0,4049.0,24,6.39,64.0,4000.0,9-2020
69,OnePlus,3T 128GB (Gunmetal),OxygenOS,235,6991.0,6195.0,9399.0,9,5.5,128.0,3400.0,1-2017
70,OnePlus,3T 128GB (Gunmetal),OxygenOS,188,6991.0,6195.0,9399.0,9,5.5,128.0,3400.0,1-2017
71,OnePlus,3T 64GB (Gunmetal),OxygenOS,921,5856.0,5630.0,6299.0,10,5.5,64.0,3400.0,12-2016
72,ALCATEL,3X 5048Y Black (5048Y-2AALWE12),Android,194,3590.0,,,1,6.52,64.0,4000.0,9-2020
73,Archos,40 Neon,Android,190,840.0,,,1,4.0,8.0,1300.0,5-2016
74,Archos,40 Neon,Android,224,840.0,,,1,4.0,8.0,1300.0,5-2016
75,realme,5 4/128GB Violet,Android,280,5757.0,,,1,6.5,128.0,5000.0,3-2020
76,OnePlus,5 6/64GB Black,Android,337,7333.0,,,1,5.5,64.0,3300.0,6-2017
77,OnePlus,5 6/64GB Slate Grey,Android,234,7333.0,,,1,5.5,64.0,3300.0,6-2017
78,realme,5 Pro 8/128GB Green,Android,38,8294.0,,,1,6.3,128.0,4035.0,1-2020
79,realme,5 Pro 8/128GB Green,Android,88,8294.0,,,1,6.3,128.0,4035.0,1-2020
80,realme,5 Pro 8/128GB Green,Android,97,8294.0,,,1,6.3,128.0,4035.0,1-2020
81,Nokia,5.3 4/64GB Charcoal,Android,1156,4429.0,4150.0,4583.0,42,6.55,64.0,4000.0,6-2020
82,Nokia,5.4 4/128GB Polar Night,Android,701,9323.0,9166.0,9599.0,4,6.39,128.0,4000.0,1-2021
83,Nokia,5310 2020 DualSim Black/Red (16PISXO1A18),,888,1365.0,1260.0,1419.0,46,2.4,0.016,1200.0,4-2020
84,realme,5i 4/64GB Green,Android,137,4761.0,4532.0,4990.0,2,6.5,64.0,5000.0,3-2020
85,realme,6 4/128GB Blue,Android,1139,5936.0,5599.0,6345.0,20,6.5,128.0,4300.0,4-2020
86,realme,6 4/64GB Blue,Android,1045,5299.0,,,1,6.5,64.0,4300.0,4-2020
87,Nokia,6 64GB Black,Android,309,6381.0,5265.0,7011.0,3,5.5,64.0,3000.0,4-2017
88,Nokia,6 64GB Silver,Android,21,5265.0,,,1,5.5,64.0,3000.0,5-2017
89,realme,6 8/128GB Blue,Android,1118,6767.0,6289.0,9547.0,34,6.5,128.0,4300.0,4-2020
90,realme,6 Pro 8/128GB Blue,Android,1117,8045.0,7499.0,9006.0,10,6.6,128.0,4300.0,4-2020
91,Nokia,6.1 4/32GB Black,Android,620,3820.0,3792.0,3848.0,2,5.5,32.0,3000.0,6-2018
92,Nokia,6.1 4/64GB Black,Android,798,3962.0,3885.0,4099.0,4,5.5,64.0,3000.0,3-2018
93,Nokia,6.1 Plus 4/64GB Blue,Android,202,5020.0,,,1,5.8,64.0,3060.0,9-2018
94,realme,6S 4/64GB Eclipse Black,Android,329,5777.0,,,1,6.5,64.0,4300.0,1-2021
95,realme,6S 4/64GB Eclipse Black,Android,291,5777.0,,,1,6.5,64.0,4300.0,1-2021
96,realme,6S 6/128GB Lunar White,Android,953,6078.0,5749.0,6270.0,5,6.5,128.0,4300.0,10-2020
97,OnePlus,6T 8/256GB Midnight Black,Android,661,15625.0,15080.0,16213.0,8,6.41,256.0,3700.0,10-2018
98,realme,6i 3/64GB White,Android,989,4292.0,4089.0,4599.0,17,6.5,64.0,5000.0,4-2020
99,realme,6i 4/128GB Green,Android,1042,4946.0,4699.0,5044.0,27,6.5,128.0,5000.0,4-2020
100,Honor,7 16GB (Gold),Android,158,2766.0,,,1,5.2,16.0,3100.0,7-2015
101,Honor,7 16GB (Gold),Android,133,2766.0,,,1,5.2,16.0,3100.0,7-2015
102,Honor,7 16GB (Gold),Android,108,2766.0,,,1,5.2,16.0,3100.0,7-2015
103,realme,7 6/64GB Mist Blue,Android,570,6215.0,5990.0,6658.0,3,6.5,64.0,5000.0,2-2021
104,OnePlus,7 8/256GB Mirror Gray,Android,1022,14443.0,13920.0,15449.0,11,6.41,256.0,3700.0,7-2019
105,Nokia,7 Plus 4/64GB Black,Android,375,7612.0,6014.0,9211.0,2,6.0,64.0,3800.0,3-2018
106,realme,7 Pro 8/128GB Mirror Blue,Android,1179,8584.0,8199.0,9547.0,23,6.4,128.0,4500.0,10-2020
107,OnePlus,8 12/256GB Onyx Black,Android,1067,17172.0,16500.0,18497.0,11,6.55,256.0,4300.0,4-2020
108,Honor,8 3/32GB Blue,Android,535,3613.0,3199.0,3848.0,3,5.2,32.0,3000.0,5-2018
109,Honor,8 4/64GB (Blue),Android,693,3499.0,,,1,5.2,64.0,3000.0,11-2016
110,OnePlus,8 8/128GB Onyx Black,Android,1155,15840.0,14863.0,16999.0,13,6.55,128.0,4300.0,4-2020
111,Nokia,8 Dual SIM Silver,Android,626,6222.0,,,1,5.3,64.0,3090.0,10-2017
112,OnePlus,8 Pro 12/256GB Glacial Green,Android,1095,22587.0,21778.0,25999.0,32,6.78,256.0,4510.0,4-2020
113,OnePlus,8 Pro 8/128GB Onyx Black,Android,1161,20709.0,20095.0,21999.0,23,6.78,128.0,4510.0,4-2020
114,Nokia,8.3 5G 8/128GB Polar Night,Android,1055,19041.0,18500.0,20517.0,18,6.81,128.0,4500.0,10-2020
115,Nokia,800 Tough Black,,609,3241.0,2989.0,3749.0,37,2.4,4.0,2100.0,10-2019
116,Nokia,800 Tough Sand,,560,3216.0,2989.0,3299.0,27,2.4,4.0,2100.0,1-2020
117,Honor,8A 2/32GB Gold,Android,383,3199.0,,,1,6.09,32.0,3020.0,3-2019
118,Honor,8A 3/64GB Blue,Android,430,3844.0,3690.0,3999.0,2,6.09,64.0,3020.0,11-2019
119,Honor,8A 3/64GB Blue,Android,433,3844.0,3690.0,3999.0,2,6.09,64.0,3020.0,11-2019
120,Honor,8S 2/32GB Black (51093ULM),Android,767,2499.0,,,1,5.7,32.0,3020.0,5-2019
121,Honor,8S 2/32GB Black (51093ULM),Android,769,2499.0,,,1,5.7,32.0,3020.0,5-2019
122,OnePlus,8T 12/256GB Cyberpunk 2077 Limited Edition,Android,938,23999.0,23999.0,24000.0,2,6.55,256.0,4500.0,1-2021
123,OnePlus,8T 12/256GB Lunar Silver,Android,1159,18200.0,17249.0,19999.0,29,6.55,256.0,4500.0,10-2020
124,OnePlus,8T 8/128GB Aquamarine Green,Android,1157,16845.0,16299.0,18000.0,35,6.55,128.0,4500.0,10-2020
125,Honor,8x Max 4/64GB Black,Android,694,5652.0,5605.0,5699.0,2,7.12,64.0,5000.0,10-2018
126,Honor,8x Max 4/64GB Black,Android,697,5652.0,5605.0,5699.0,2,7.12,64.0,5000.0,10-2018
127,Honor,8x Max 4/64GB Blue,Android,303,5844.0,5605.0,6199.0,3,7.12,64.0,5000.0,11-2018
128,Honor,9 4/64GB Dual Blue,Android,660,4461.0,3978.0,5957.0,5,5.15,64.0,3200.0,9-2017
129,Honor,9 Lite 3/32GB Midnight Black,Android,142,3491.0,3444.0,3574.0,3,5.65,32.0,3000.0,3-2018
130,Honor,9i 3/32GB Black,Android,342,3424.0,3399.0,3449.0,2,5.84,32.0,3000.0,6-2020
131,Honor,9i 3/32GB Black,Android,361,3424.0,3399.0,3449.0,2,5.84,32.0,3000.0,6-2020
132,Honor,9i 4/64GB Blue,Android,216,4009.0,,,1,5.84,64.0,3000.0,12-2018
133,Honor,9i 4/64GB Blue,Android,180,4009.0,,,1,5.84,64.0,3000.0,12-2018
134,Honor,9x 4/128GB Black,Android,1048,5599.0,4999.0,5999.0,3,6.59,128.0,4000.0,11-2019
135,Ulefone,A1 Dual Black,,83,817.0,755.0,845.0,4,2.4,0.032,2000.0,2-2019
136,Ulefone,A1 Dual Gold,,384,834.0,719.0,1009.0,26,2.4,0.032,2000.0,2-2019
137,Ulefone,A1 Silver,,440,805.0,691.0,1009.0,32,2.4,,2000.0,12-2019
138,AGM,A10 6/128GB Black,Android,2,5628.0,5297.0,6584.0,11,5.7,128.0,4400.0,10-2020
139,OPPO,A12 3/32GB Black,Android,1024,3520.0,3375.0,3949.0,15,6.22,32.0,4230.0,6-2020
140,OPPO,A12 4/64GB Blue,Android,705,3949.0,3799.0,3999.0,4,6.22,64.0,4230.0,8-2020
141,Astro,A144 Black/Red,,519,214.0,199.0,229.0,2,1.77,0.032,600.0,9-2019
142,Astro,A167 Black/Red,,172,599.0,,,3,3.2,,1000.0,10-2020
143,Astro,A167 Black/Red,,208,599.0,,,3,3.2,,1000.0,10-2020
144,Astro,A167 Black/Red,,221,599.0,,,3,3.2,,1000.0,10-2020
145,Astro,A169 Black Gray,,11,399.0,,,2,1.77,,1000.0,4-2020
146,Rezone,A170 Point Black,,411,252.0,220.0,333.0,20,1.77,,600.0,4-2019
147,Rezone,A170 Point Black,,401,252.0,220.0,333.0,20,1.77,,600.0,4-2019
148,Rezone,A170 Point Dark Blue,,106,252.0,220.0,333.0,20,1.77,,600.0,4-2019
149,Rezone,A170 Point Dark Blue,,131,252.0,220.0,333.0,20,1.77,,600.0,4-2019
150,Rezone,A170 Point Dark Blue,,156,252.0,220.0,333.0,20,1.77,,600.0,4-2019
151,Astro,A173 Black/Orange,,204,279.0,,,1,1.77,0.032,800.0,6-2018
152,Astro,A225 Black,,295,359.0,,,1,2.4,0.032,1000.0,6-2018
153,Astro,A225 Black,,334,359.0,,,1,2.4,0.032,1000.0,6-2018
154,Rezone,A240 Experience Red,,63,308.0,289.0,364.0,19,2.4,,800.0,4-2019
155,Rezone,A281 Force Black,,947,632.0,532.0,1143.0,23,2.8,,6000.0,4-2019
156,Blackview,A30 2/16GB Black,Android,240,1852.0,1795.0,1910.0,2,5.5,16.0,2500.0,9-2018
157,Blackview,A30 2/16GB Black,Android,243,1852.0,1795.0,1910.0,2,5.5,16.0,2500.0,9-2018
158,OPPO,A31 4/64GB Mystery Black,Android,897,4471.0,3999.0,4499.0,18,6.5,64.0,4230.0,3-2020
159,OPPO,A5 2020 3/64GB Black,Android,833,4773.0,4499.0,4999.0,4,6.5,64.0,5000.0,11-2019
160,Archos,A50 GRANITE 2/16GB Black,Android,617,1599.0,,,1,5.0,16.0,2700.0,11-2018
161,Bravis,A512 Harmony Pro DS Black,Android,302,2199.0,,,1,5.0,16.0,3200.0,1-2019
162,OPPO,A52 4/64GB Twilight Black,Android,1094,5448.0,4857.0,6031.0,65,6.5,64.0,5000.0,5-2020
163,OPPO,A53 4/128GB Electric Black,Android,985,5683.0,4998.0,5999.0,19,6.5,128.0,5000.0,11-2020
164,OPPO,A53 4/64GB Black,Android,1145,5257.0,4407.0,6658.0,66,6.5,64.0,5000.0,10-2020
165,NUU,A5L+ 2/16GB Grey,Android,650,1599.0,,,4,5.5,16.0,2650.0,1-2020
166,OPPO,A5s 3/32Gb Blue,Android,478,3266.0,3199.0,3333.0,2,6.2,32.0,4230.0,8-2019
167,Blackview,A60 1/16GB Black,Android,857,1910.0,1735.0,2052.0,42,6.1,16.0,4080.0,5-2019
168,Blackview,A60 Plus 4/64GB Black,Android,1027,2831.0,2695.0,3189.0,8,6.08,64.0,4080.0,12-2020
169,Blackview,A60 Pro 3/16GB Black,Android,904,2465.0,2299.0,2599.0,15,6.08,16.0,4080.0,7-2019
170,Lenovo,A7 2/32GB L19111 Blue,Android,82,3391.0,3119.0,3746.0,5,6.09,32.0,4000.0,7-2020
171,UMIDIGI,A7 Pro 4/128GB Black,Android,29,3868.0,3499.0,4104.0,4,6.3,128.0,4150.0,8-2020
172,UMIDIGI,A7 Pro 4/128GB Black,Android,23,3868.0,3499.0,4104.0,4,6.3,128.0,4150.0,8-2020
173,UMIDIGI,A7 Pro 4/64GB Black,Android,419,3327.0,3149.0,3506.0,2,6.3,64.0,4150.0,6-2020
174,OPPO,A72 4/128GB Aurora Purple,Android,948,6867.0,6000.0,6999.0,11,6.5,128.0,5000.0,5-2020
175,OPPO,A73 4/128GB Navy Blue,Android,1097,6615.0,5949.0,6999.0,55,6.44,128.0,4015.0,12-2020
176,UMIDIGI,A7S 2/32GB Black,Android,622,2479.0,,,1,6.53,32.0,4150.0,11-2020
177,AGM,A8 3/32GB Black,Android,74,4463.0,4299.0,4617.0,3,5.0,32.0,,10-2017
178,Blackview,A80 2/16GB Red,Android,578,2232.0,2090.0,2471.0,10,6.21,16.0,4200.0,6-2020
179,Blackview,A80 Pro 4/64GB Black,Android,1018,3250.0,3134.0,3692.0,26,6.49,64.0,4680.0,1-2020
180,OPPO,A9 2020 4/128GB Marine Green,Android,73,6039.0,,,1,6.5,128.0,5000.0,11-2019
181,OPPO,A9 2020 4/128GB Space Purple,Android,814,5699.0,,,1,6.5,128.0,5000.0,11-2019
182,AGM,A9 4/32GB Black,Android,797,5851.0,5699.0,6184.0,10,5.99,32.0,5400.0,5-2019
183,AGM,A9 4/64GB Black,Android,704,6900.0,6628.0,7299.0,14,5.99,64.0,5400.0,2-2019
184,OPPO,A91 8/128GB Black,Android,1124,8141.0,7298.0,8499.0,21,6.4,128.0,4025.0,4-2020
185,Assistant,AS-201 Dual Sim Blue,,316,294.0,263.0,330.0,11,2.4,0.064,1500.0,12-2018
186,Assistant,AS-203 Dual Sim Black,,377,398.0,345.0,659.0,20,2.2,0.032,1000.0,10-2019
187,Crosscall,Action-X3 3/32GB Black,Android,155,3460.0,,,1,5.0,32.0,3500.0,8-2020
188,Sharp,Aquos D10 4/64GB Black,Android,632,7827.0,6199.0,9999.0,7,5.99,64.0,2900.0,6-2019
189,Ulefone,Armor 10 5G 8/128GB Black,Android,146,12913.0,12072.0,13499.0,5,6.67,128.0,5800.0,1-2021
190,Ulefone,Armor 3W 6/64GB Black,Android,314,6692.0,6486.0,6964.0,6,5.7,64.0,,6-2020
191,Ulefone,Armor 3WT 6/64GB Black,Android,148,7498.0,7349.0,7699.0,3,5.7,64.0,10300.0,11-2019
192,Ulefone,Armor 7E 4/128GB Black,Android,671,7958.0,6787.0,8999.0,10,6.3,128.0,5500.0,7-2020
193,Ulefone,Armor 7E 4/128GB Black,Android,673,7958.0,6787.0,8999.0,10,6.3,128.0,5500.0,7-2020
194,Ulefone,Armor 8 4/64GB Black (6937748733744),Android,865,5943.0,4398.0,6799.0,29,6.1,64.0,5500.0,10-2020
195,Ulefone,Armor 9 8/128GB Black (6937748733515),Android,1009,15611.0,13799.0,16120.0,20,6.3,128.0,6600.0,8-2020
196,Ulefone,Armor 9E 8/128GB Black (6937748733805),Android,816,11062.0,9610.0,13092.0,17,6.3,128.0,6600.0,9-2020
197,Ulefone,Armor 9E 8/128GB Black (6937748733805),Android,818,11062.0,9610.0,13092.0,17,6.3,128.0,6600.0,9-2020
198,Ulefone,Armor Mini Black,,318,1274.0,1149.0,1511.0,57,2.4,0.032,2500.0,6-2018
199,Ulefone,Armor Mini Red,,52,1299.0,1199.0,1479.0,7,2.4,0.032,2500.0,6-2018
200,Ulefone,Armor X3 2/32GB Black,Android,395,3155.0,2493.0,3699.0,29,5.5,32.0,5000.0,9-2020
201,Ulefone,Armor X5 3/32GB Red (6937748733256),Android,788,3768.0,2909.0,4399.0,38,5.5,32.0,5000.0,5-2020
202,Ulefone,Armor X5 Pro 4/64GB Black (6937748733829),Android,1010,4251.0,3395.0,5200.0,28,5.5,64.0,5000.0,9-2020
203,Ulefone,Armor X6 2/16GB Orange,Android,662,2786.0,2175.0,3199.0,38,5.0,16.0,4000.0,4-2020
204,Ulefone,Armor X7 2/16GB Orange,Android,546,3072.0,2484.0,3499.0,38,5.0,16.0,,6-2020
205,Ulefone,Armor X7 Pro 4/32GB Black,Android,998,3550.0,2770.0,3999.0,35,5.0,32.0,4000.0,9-2020
206,Ulefone,Armor X8 4/64GB Black,Android,1035,4424.0,3470.0,5322.0,33,5.7,64.0,5080.0,12-2020
207,ERGO,B181 DUAL SIM BLACK,,621,275.0,265.0,299.0,19,1.8,0.032,800.0,12-2020
208,Tecno,B1P DS Champagne Gold,Android,110,1699.0,,,1,5.45,8.0,4000.0,1-2019
209,Tecno,B1P DS Champagne Gold,Android,160,1699.0,,,1,5.45,8.0,4000.0,1-2019
210,Astro,B200RX (White),,390,646.0,552.0,799.0,30,2.0,0.064,1300.0,5-2016
211,Astro,B200RX (Yellow),,599,655.0,532.0,799.0,28,2.0,0.064,1300.0,5-2016
212,ERGO,B241 Black,,448,400.0,375.0,433.0,19,2.4,0.032,1200.0,12-2020
213,CAT,B26 Black,,1084,1488.0,1330.0,1819.0,52,2.4,,1500.0,12-2019
214,ERGO,B505 Unit 4G Dual Sim Black,Android,49,1715.0,,,1,5.0,8.0,2500.0,12-2018
215,DOOGEE,BL5000 Black (6924351609900),Android,25,3107.0,,,1,5.5,64.0,5050.0,8-2017
216,DOOGEE,BL5000 Black (6924351609900),Android,94,3107.0,,,1,5.5,64.0,5050.0,8-2017
217,DOOGEE,BL5500 Lite 2/16GB Dual Sim Gold,Android,540,2323.0,2099.0,2548.0,2,6.19,16.0,5500.0,1-2019
218,Blackview,BV1000 Black,,688,992.0,900.0,1186.0,22,2.4,0.032,3000.0,1-2019
219,Blackview,BV4900 3/32GB Black,Android,877,2974.0,2819.0,3199.0,23,5.7,32.0,5580.0,11-2020
220,Blackview,BV4900 Pro 4/64GB Orange,Android,869,3474.0,3333.0,3719.0,13,5.7,64.0,5580.0,1-2021
221,Blackview,BV5100 4/128GB Green,Android,515,4727.0,4610.0,5099.0,13,5.7,128.0,5580.0,12-2020
222,Blackview,BV5100 Pro 4/128GB Black,Android,138,6789.0,5999.0,7838.0,22,5.7,128.0,5580.0,1-2021
223,Blackview,BV5500 2/16GB Black,Android,772,2596.0,2149.0,3099.0,54,5.5,16.0,4400.0,2-2019
224,Blackview,BV5500 Plus 3/32GB Black,Android,1023,2720.0,2560.0,3040.0,25,5.5,32.0,4400.0,6-2020
225,Blackview,BV5500 Pro 3/16GB Black,Android,553,3566.0,2629.0,3800.0,47,5.5,16.0,4400.0,6-2019
226,Blackview,BV5500 Pro 3/16GB Black,Android,548,3566.0,2629.0,3800.0,47,5.5,16.0,4400.0,6-2019
227,Blackview,BV5800 Pro 2/16GB Black,Android,425,2394.0,,,1,5.5,16.0,5580.0,9-2018
228,Blackview,BV5900 3/32GB Black,Android,659,3668.0,3447.0,4389.0,26,5.7,32.0,5580.0,12-2019
229,Blackview,BV6100 3/16GB Black,Android,806,3386.0,3190.0,3895.0,23,6.88,16.0,5580.0,9-2019
230,Blackview,BV6300 3/32GB Black,Android,849,3762.0,3590.0,4674.0,29,5.7,32.0,4380.0,11-2020
231,Blackview,BV6300 Pro 6/128GB Black,Android,882,5418.0,5199.0,5873.0,28,5.7,128.0,4380.0,8-2020
232,Blackview,BV6800 Pro 4/64GB Black,Android,821,6801.0,4640.0,7399.0,55,5.7,64.0,6580.0,11-2018
233,Blackview,BV6900 4/64GB Black,Android,764,4793.0,4670.0,5472.0,10,5.84,64.0,5580.0,7-2020
234,Blackview,BV8000 Pro Lion Gold,Android,536,4584.0,4440.0,5130.0,19,5.0,64.0,4180.0,7-2017
235,Blackview,BV8000 Pro Lion Gold,Android,525,4584.0,4440.0,5130.0,19,5.0,64.0,4180.0,7-2017
236,Blackview,BV9100 4/64GB Black,Android,954,5355.0,5150.0,5850.0,13,6.3,64.0,13000.0,10-2019
237,Blackview,BV9500 Black,Android,562,6356.0,5780.0,6929.0,5,5.7,64.0,10000.0,9-2018
238,Blackview,BV9500 Plus 4/64GB Black,Android,792,5851.0,5649.0,6119.0,17,5.7,64.0,10000.0,10-2019
239,Blackview,BV9500 Pro 6/128GB Black,Android,612,8087.0,7398.0,11924.0,7,5.7,128.0,10000.0,10-2018
240,Blackview,BV9600 4/64GB Silver,Android,104,6072.0,5910.0,6349.0,20,6.21,64.0,5580.0,8-2019
241,Blackview,BV9600 4/64GB Silver,Android,129,6072.0,5910.0,6349.0,20,6.21,64.0,5580.0,8-2019
242,Blackview,BV9600 Pro 6/128GB Black,Android,373,6898.0,6730.0,7165.0,10,6.21,128.0,5580.0,2-2019
243,Blackview,BV9600 Pro 6/128GB Black,Android,355,6898.0,6730.0,7165.0,10,6.21,128.0,5580.0,2-2019
244,Blackview,BV9600E 4/128GB Grey,Android,533,6126.0,5899.0,7011.0,18,6.21,128.0,5580.0,6-2020
245,Blackview,BV9700 Pro 6/128GB Black,Android,898,6967.0,6790.0,7289.0,20,5.84,128.0,4380.0,8-2019
246,Blackview,BV9700 Pro 6/128GB Black + Night Vision Camera,Android,77,7686.0,7599.0,7860.0,3,5.84,128.0,4380.0,8-2019
247,Blackview,BV9800 6/128Gb Black,Android,293,10064.0,9760.0,10499.0,14,6.3,128.0,6580.0,2-2020
248,Blackview,BV9800 6/128Gb Black,Android,332,10064.0,9760.0,10499.0,14,6.3,128.0,6580.0,2-2020
249,Blackview,BV9800 Pro 6/128GB Orange,Android,879,10436.0,9949.0,11258.0,30,6.3,128.0,6580.0,5-2020
250,Blackview,BV9900 8/256GB Black,Android,732,9916.0,9536.0,10611.0,14,5.84,256.0,4380.0,5-2020
251,Blackview,BV9900 Pro 8/128GB Gray,Android,802,12667.0,12077.0,14279.0,6,5.84,128.0,4380.0,6-2020
252,Blackview,BV9900E 6/128GB Black,Android,918,7608.0,7380.0,7999.0,21,5.84,128.0,4380.0,11-2020
253,UMIDIGI,Bison 6/128GB Red,Android,884,4994.0,4940.0,5049.0,4,6.3,128.0,5000.0,12-2020
254,Xiaomi,Black Shark 2 Pro 8/128GB Black,Android,150,15149.0,14999.0,15299.0,2,6.39,128.0,4000.0,11-2019
255,Xiaomi,Black Shark 2 Pro 8/128GB Iceberg Grey,Android,43,15399.0,14910.0,15999.0,11,6.39,128.0,4000.0,11-2019
256,Xiaomi,Black Shark 3 12/256GB Black,Android,726,18319.0,17400.0,18999.0,4,6.67,256.0,4720.0,7-2020
257,Xiaomi,Black Shark 3 8/128GB Black,Android,1098,13846.0,13151.0,14999.0,31,6.67,128.0,4720.0,6-2020
258,Xiaomi,Black Shark 8/128GB Black,Android,53,13146.0,,,1,5.99,128.0,4000.0,5-2018
259,ZTE,Blade 20 Smart 4/128GB Gradient Green,Android,1083,4152.0,3745.0,4417.0,48,6.49,128.0,5000.0,12-2019
260,ZTE,Blade A3 2020 1/32GB Blue,Android,700,2016.0,1839.0,2229.0,56,5.45,32.0,2600.0,3-2020
261,ZTE,Blade A3 2020 1/32GB Grey,Android,619,2014.0,1839.0,2099.0,43,5.45,32.0,2600.0,3-2020
262,ZTE,Blade A3 2020 1/32GB Red,Android,446,2021.0,1839.0,2332.0,47,5.45,32.0,2600.0,8-2020
263,ZTE,Blade A5 2/16GB Black,Android,782,1999.0,,,1,5.45,16.0,2600.0,5-2019
264,ZTE,Blade A5 2/16GB Blue,Android,601,1999.0,,,1,5.45,16.0,2600.0,6-2019
265,ZTE,Blade A5 2/16GB Blue,Android,594,1999.0,,,1,5.45,16.0,2600.0,6-2019
266,ZTE,Blade A5 2/32GB Black,Android,706,2257.0,2199.0,2315.0,4,5.45,32.0,2600.0,7-2020
267,ZTE,Blade A5 2/32GB Blue,Android,529,2435.0,2199.0,2599.0,8,5.45,32.0,2600.0,6-2019
268,ZTE,Blade A5 2020 2/32GB Black,Android,942,2517.0,2299.0,2881.0,44,6.08,32.0,3200.0,12-2019
269,ZTE,Blade A7 2019 2/32GB Black,Android,978,2590.0,2399.0,2799.0,34,6.1,32.0,3200.0,5-2019
270,ZTE,Blade A7 2020 2/32GB Gradient,Android,1016,2783.0,2599.0,2999.0,56,6.08,32.0,4000.0,12-2019
271,ZTE,Blade A7 2020 3/64GB Gradient,Android,1071,3154.0,3069.0,3499.0,53,6.08,64.0,4000.0,12-2019
272,ZTE,Blade A7S 2/64GB Blue,Android,775,3052.0,2695.0,3549.0,38,6.5,64.0,4000.0,9-2020
273,ZTE,Blade L210 1/32GB Black,Android,642,1801.0,1678.0,2009.0,39,6.0,32.0,2600.0,9-2020
274,ZTE,Blade L210 1/32GB Blue,Android,399,1789.0,1678.0,1979.0,42,6.0,32.0,2600.0,9-2020
275,ZTE,Blade L210 1/32GB Blue,Android,418,1789.0,1678.0,1979.0,42,6.0,32.0,2600.0,9-2020
276,ZTE,Blade L8 1/16GB Black,Android,750,1552.0,1368.0,1646.0,44,5.0,16.0,2000.0,5-2019
277,ZTE,Blade L8 1/16GB Blue,Android,691,1529.0,1368.0,1917.0,45,5.0,16.0,2000.0,6-2019
278,ZTE,Blade V2020 Smart 4/128GB Grey,Android,951,4041.0,3755.0,4435.0,45,6.82,128.0,5000.0,11-2020
279,ZTE,Blade V2020 Smart 4/64GB Grey,Android,941,3821.0,3577.0,4171.0,43,6.82,64.0,5000.0,11-2020
280,realme,C11 2/32GB Green,Android,753,3055.0,2999.0,3179.0,5,6.5,32.0,5000.0,7-2020
281,realme,C11 2/32GB Grey,Android,930,3015.0,2940.0,3179.0,9,6.5,32.0,5000.0,7-2020
282,Oukitel,C18 Pro 4/64GB Purple,Android,386,3409.0,3149.0,3791.0,10,6.55,64.0,4000.0,12-2020
283,Oukitel,C19 2/16GB Black,Android,610,2132.0,2049.0,2299.0,3,6.49,16.0,4000.0,8-2020
284,Oukitel,C19 2/16GB Gradient Blue,Android,497,2104.0,2030.0,2299.0,4,6.49,16.0,4000.0,10-2020
285,realme,C2 2/32GB Diamond Black,Android,634,2899.0,,,1,6.1,32.0,4000.0,2-2020
286,Oukitel,C21 4/64GB Black,Android,1044,3276.0,3149.0,3589.0,11,6.4,64.0,4000.0,10-2020
287,realme,C3 2/32GB Blue,Android,936,3296.0,3174.0,3399.0,10,6.5,32.0,5000.0,4-2020
288,realme,C3 2/32GB Red,Android,738,3361.0,3174.0,3399.0,11,6.5,32.0,5000.0,4-2020
289,realme,C3 3/32GB Red,Android,665,3399.0,,,1,6.5,32.0,5000.0,10-2020
290,realme,C3 3/64GB Blue,Android,1153,3812.0,3547.0,4049.0,17,6.5,64.0,5000.0,4-2020
291,Cubot,C30 8/128GB Black,Android,625,5671.0,5290.0,5871.0,4,6.4,128.0,4200.0,12-2020
292,S-TELL,C552 Black,Android,307,1150.0,,,1,5.0,4.0,2000.0,3-2018
293,S-TELL,C552 Red,Android,319,1150.0,,,1,5.0,4.0,2000.0,3-2018
294,Meizu,C9 2/16GB Black,Android,907,1899.0,,,1,5.45,16.0,3000.0,11-2018
295,Meizu,C9 Pro 3/32GB Black,Android,161,2618.0,,,1,5.45,32.0,3000.0,12-2018
296,Meizu,C9 Pro 3/32GB Black,Android,111,2618.0,,,1,5.45,32.0,3000.0,12-2018
297,Crosscall,CORE-X3 2/16GB Dark Blue,Android,62,2950.0,,,1,5.0,16.0,3500.0,8-2020
298,Tecno,Camon 12 Air CC6 Alpenglow Gold,Android,449,2999.0,,,2,6.55,32.0,4000.0,11-2019
299,Tecno,Camon 12 CC7 Dark Jade,Android,522,3440.0,3149.0,3799.0,12,6.52,64.0,4000.0,11-2019
300,Tecno,Camon 15 4/64GB Dark Jade (4895180755057),Android,876,4057.0,3949.0,4499.0,6,6.6,64.0,5000.0,8-2020
301,Tecno,Camon 15 CD7 4/128GB Fascinating Purple (4895180759550),Android,252,4299.0,,,3,6.6,128.0,5000.0,10-2020
302,Sigma mobile,Comfort 50 Elegance3 SIMO ASSISTANT Red,,583,810.0,699.0,830.0,31,2.8,,1600.0,7-2018
303,Sigma mobile,Comfort 50 Grand Black,,200,641.0,588.0,699.0,39,2.3,,1000.0,2-2019
304,Sigma mobile,Comfort 50 HIT 2020 Black,,990,444.0,399.0,459.0,24,1.77,,1450.0,12-2019
305,Sigma mobile,Comfort 50 SOLO Black,,253,777.0,690.0,853.0,38,2.2,,1650.0,8-2019
306,Sigma mobile,Comfort 50 SOLO Black,,265,777.0,690.0,853.0,38,2.2,,1650.0,8-2019
307,Sigma mobile,Comfort 50 Shell Duo Red (4827798212325),,1021,988.0,911.0,1049.0,22,,,800.0,10-2016
308,Coolpad,Cool Play 6 6/64GB Black,Android,271,3968.0,3947.0,3990.0,2,5.5,64.0,4060.0,11-2018
309,Coolpad,Cool Play 6 6/64GB Black,Android,259,3968.0,3947.0,3990.0,2,5.5,64.0,4060.0,11-2018
310,Archos,Core 50 16GB Red,Android,245,2059.0,1899.0,2099.0,5,5.0,16.0,2000.0,8-2018
311,Bluboo,D6 Pro 2/16GB Black,Android,159,1979.0,,,1,5.5,16.0,2700.0,2-2019
312,Bluboo,D6 Pro 2/16GB Black,Android,109,1979.0,,,1,5.5,16.0,2700.0,2-2019
313,LG,D855 G3 32GB (Silk White),Android,494,2884.0,,,1,5.5,32.0,3000.0,5-2014
314,LG,D858 G3 Dual (Metallic Black),Android,488,2969.0,,,1,5.5,32.0,3000.0,10-2015
315,Motorola,Droid Turbo 2 32GB (Ballistic Nylon Black),Android,269,5590.0,,,1,5.4,32.0,3760.0,12-2015
316,Motorola,Droid Turbo 2 32GB (Ballistic Nylon Black),Android,257,5590.0,,,1,5.4,32.0,3760.0,12-2015
317,Philips,E169 Gray,,746,807.0,749.0,1049.0,22,2.4,,1600.0,8-2019
318,Philips,E169 Red,,397,806.0,749.0,1049.0,30,2.4,,1600.0,8-2019
319,2E,E180 2019 Red (680576170057),,56,301.0,289.0,346.0,33,1.77,0.032,800.0,12-2019
320,2E,E240 Black,,389,413.0,359.0,549.0,36,2.4,0.032,1800.0,2-2018
321,2E,E240 Power DualSim Black (680576170088),,335,546.0,507.0,581.0,24,2.4,0.032,3000.0,12-2020
322,2E,E240 Power DualSim Black (680576170088),,296,546.0,507.0,581.0,24,2.4,0.032,3000.0,12-2020
323,2E,E280 Dual Sim Black,,251,499.0,,,2,2.8,0.032,1450.0,11-2017
324,2E,E450A 2018 DualSim Black,Android,563,1250.0,1215.0,1338.0,18,4.5,8.0,1500.0,8-2018
325,2E,E450R DualSim Gray,Android,571,1850.0,1499.0,2499.0,5,4.5,8.0,2600.0,12-2017
326,2E,E500A 2019 DualSim Black,Android,670,1362.0,1319.0,1499.0,6,5.0,8.0,2500.0,5-2019
327,Motorola,E6 Plus 4/64GB Polish Grey,Android,79,3490.0,,,1,6.1,64.0,3000.0,7-2020
328,Motorola,E6 Plus XT2025-2 4/64GB Blue,Android,762,3444.0,3399.0,3490.0,2,6.1,64.0,3000.0,1-2020
329,Motorola,E6S 4/64 GB Meteor Grey (PAJE0031RS),Android,1178,2992.0,2888.0,3205.0,30,6.1,64.0,3000.0,9-2020
330,Motorola,E7 Plus 4/64GB Misty Blue (PAKX0008RS),Android,929,4217.0,4199.0,4290.0,5,6.5,64.0,5000.0,9-2020
331,Motorola,Edge 5G 6/128GB Dual Black (XT2063-3),Android,1131,15017.0,14299.0,16872.0,20,6.7,128.0,4500.0,7-2020
332,ERGO,F186 Solace DS Black,,901,391.0,345.0,476.0,19,1.77,0.032,1000.0,7-2019
333,ERGO,F186 Solace DS Silver,,523,373.0,345.0,399.0,6,1.77,0.032,1000.0,7-2019
334,ERGO,F188 Play DS Black,,333,272.0,227.0,289.0,10,1.77,,1000.0,2-2020
335,ERGO,F188 Play DS Black,,294,272.0,227.0,289.0,10,1.77,,1000.0,2-2020
336,ERGO,F243 Swift Dual Sim Black,,151,374.0,369.0,379.0,2,2.4,0.032,1800.0,10-2017
337,ERGO,F243 Swift Dual Sim Blue,,122,379.0,,,1,2.4,0.032,1800.0,12-2018
338,ERGO,F243 Swift Dual Sim Blue,,163,379.0,,,1,2.4,0.032,1800.0,12-2018
339,ERGO,F243 Swift Dual Sim Blue,,113,379.0,,,1,2.4,0.032,1800.0,12-2018
340,ERGO,F245 Strength Dual Sim Yellow/Black,,12,699.0,,,1,2.4,0.032,1400.0,3-2020
341,ERGO,F248 Defender Dual SIM Black,,45,649.0,,,1,2.4,,2000.0,10-2019
342,ERGO,F282 Travel Dual Sim Black,,556,583.0,565.0,599.0,4,2.8,0.032,3100.0,4-2018
343,ERGO,F282 Travel Dual Sim Black,,551,583.0,565.0,599.0,4,2.8,0.032,3100.0,4-2018
344,ERGO,F284 Balance Dual Sim Black,,227,477.0,430.0,499.0,13,2.8,,800.0,2-2020
345,ERGO,F285 Wide DS Black,,186,523.0,447.0,549.0,8,2.0,,1800.0,11-2019
346,ERGO,F285 Wide DS Black,,219,523.0,447.0,549.0,8,2.0,,1800.0,11-2019
347,2E,F534L 2018 DualSim Black,Android,600,1610.0,1495.0,1701.0,8,5.3,16.0,3020.0,11-2018
348,2E,F534L 2018 DualSim Gold,Android,473,1599.0,,,3,5.3,16.0,3020.0,11-2018
349,2E,F572L 2018 DualSim Red,Android,181,2167.0,1999.0,2336.0,2,5.7,16.0,3020.0,10-2018
350,2E,F572L 2018 DualSim Silver,Android,567,1939.0,1759.0,1999.0,4,5.7,16.0,3020.0,10-2018
351,Fly,FF243 (Black),,442,474.0,418.0,655.0,32,2.4,0.032,1700.0,8-2016
352,Fly,FF249 Dual Sim Black,,905,557.0,497.0,719.0,55,2.4,0.032,4000.0,12-2018
353,Fly,FF250 Black,,773,314.0,239.0,379.0,25,2.4,,800.0,1-2020
354,Fly,FF281 Dual Sim (Black),,653,547.0,499.0,719.0,28,2.8,0.032,1400.0,7-2016
355,Fly,FF281 Silver,,502,545.0,497.0,679.0,19,2.8,0.032,1400.0,11-2020
356,OPPO,Find X2 12/256GB Ocean Black,Android,590,29999.0,,,2,6.7,256.0,4200.0,4-2020
357,OPPO,Find X2 Pro 12/512GB Orange,Android,474,32530.0,31720.0,33999.0,4,6.7,512.0,4260.0,1-2021
358,LG,G6 32GB Black (H870S.ACISBK),Android,710,3742.0,,,1,5.7,32.0,3300.0,3-2017
359,LG,G6 64GB Black (LGH870DS.ACISBK),Android,637,3850.0,,,1,5.7,64.0,3300.0,3-2017
360,LG,G6 64GB Platinum (LGH870DS.ACISPL),Android,745,3799.0,,,1,5.7,64.0,3300.0,3-2017
361,LG,G6 G600L 4/64GB Black,Android,603,4099.0,,,1,5.7,64.0,3300.0,3-2019
362,LG,G6 G600L 4/64GB Black,Android,596,4099.0,,,1,5.7,64.0,3300.0,3-2019
363,LG,G6 G600L 4/64GB Platinum,Android,674,4099.0,,,1,5.7,64.0,3300.0,3-2019
364,LG,G6 Plus 128GB Gold,Android,96,8009.0,,,1,5.7,128.0,3300.0,8-2017
365,LG,G6 Plus 128GB Gold,Android,27,8009.0,,,1,5.7,128.0,3300.0,8-2017
366,Motorola,G7 4/64GB Ceramic Black (XT1962-6),Android,686,4849.0,4499.0,5199.0,2,6.2,64.0,3000.0,7-2020
367,LG,G7 ThinQ 4/64GB Aurora Black (LMG710EMW.ACISBK),Android,1030,5571.0,5566.0,5576.0,2,6.1,64.0,3000.0,5-2018
368,LG,G7 ThinQ 4/64GB Moroccan Blue (LMG710EMW.ACISBL),Android,923,5421.0,5266.0,5576.0,2,6.1,64.0,3000.0,5-2018
369,LG,G7 ThinQ 4/64GB Platinum Gray,Android,851,5713.0,5566.0,5998.0,3,6.1,64.0,3000.0,5-2018
370,LG,G7 ThinQ 4/64GB Raspberry Rose,Android,427,5798.0,5599.0,5998.0,2,6.1,64.0,3000.0,5-2018
371,Motorola,G8 Power 4/64GB Dual Sim Black (PAHF0007RS),Android,925,5464.0,4999.0,6031.0,27,6.4,64.0,5000.0,7-2020
372,Motorola,G8 Power Lite 4/64GB Royal Blue (PAJC0017RS),Android,840,4772.0,4399.0,5342.0,12,6.5,64.0,5000.0,7-2020
373,LG,G8 ThinQ 6/128GB Black,Android,906,8299.0,,,1,6.1,128.0,3500.0,11-2019
374,LG,G8X ThinQ 6/128GB Aurora Black,Android,931,17790.0,9888.0,20590.0,21,6.4,128.0,4000.0,3-2020
375,LG,G8s ThinQ 6/128GB White,Android,988,14427.0,13749.0,15264.0,21,6.21,128.0,3550.0,9-2020
376,Motorola,G9 Play 4/64GB Sapphire Blue (PAKK0016RS),Android,1062,4812.0,4434.0,5877.0,17,6.5,64.0,5000.0,9-2020
377,Motorola,G9 Plus 4/128GB Navy Blue (PAKM0019RS),Android,1160,6697.0,6375.0,6999.0,46,6.81,128.0,5000.0,9-2020
378,Samsung,G920F Galaxy S6 32GB (White Pearl),Android,845,3529.0,3100.0,3959.0,2,5.1,32.0,2550.0,3-2015
379,Samsung,G925F Galaxy S6 Edge 32GB (White Pearl),Android,325,4511.0,,,1,5.1,32.0,2600.0,3-2015
380,Samsung,G935FD Galaxy S7 Edge 32GB Gold (SM-G935FZDU),Android,605,5930.0,,,1,5.5,32.0,3600.0,2-2016
381,Samsung,Galaxy A01 2/16GB Black (SM-A015FZKD),Android,1163,2940.0,2673.0,3158.0,33,5.7,16.0,3000.0,1-2020
382,Samsung,Galaxy A01 Core 1/16GB Black (SM-A013FZKD),Android,1073,2344.0,2098.0,2553.0,50,5.3,16.0,3000.0,8-2020
383,Samsung,Galaxy A02s 3/32GB Blue (SM-A025FZBE),Android,1078,3776.0,3599.0,3799.0,25,6.5,32.0,5000.0,1-2021
384,Samsung,Galaxy A10s 2019 SM-A107F 2/32GB Black (SM-A107FZKD),Android,1129,3348.0,3170.0,3999.0,24,6.2,32.0,4000.0,8-2019
385,Samsung,Galaxy A11 2/32GB Black (SM-A115FZKN),Android,1036,4101.0,3536.0,4396.0,40,6.4,32.0,4000.0,6-2020
386,Samsung,Galaxy A12 SM-A125F 3/32GB Black (SM-A125FZKUSEK),Android,1008,4473.0,4186.0,4999.0,63,6.5,32.0,5000.0,1-2021
387,Samsung,Galaxy A12 SM-A125F 4/64GB Black (SM-A125FZKVSEK),Android,1092,4977.0,4598.0,5499.0,57,6.5,64.0,5000.0,1-2021
388,Samsung,Galaxy A2 Core 2019 SM-A260 1/16GB Blue,Android,100,3222.0,3029.0,3515.0,8,5.0,16.0,2600.0,11-2019
389,Samsung,Galaxy A2 Core 2019 SM-A260 1/16GB Blue,Android,91,3222.0,3029.0,3515.0,8,5.0,16.0,2600.0,11-2019
390,Samsung,Galaxy A20e SM-A202F 3/32GB Black SM-A202FZKD,Android,1040,4595.0,4309.0,5095.0,9,5.8,32.0,3000.0,7-2019
391,Samsung,Galaxy A20e SM-A202F 3/32GB White (SM-A202FZWD),Android,54,4300.0,4100.0,4500.0,2,5.8,32.0,3000.0,12-2019
392,Samsung,Galaxy A20s 2019 A207F 3/32GB Black (SM-A207FZKD),Android,1017,4126.0,3599.0,4399.0,13,6.5,32.0,4000.0,10-2019
393,Samsung,Galaxy A21s 3/32GB Black (SM-A217FZKN),Android,1059,5174.0,4598.0,6470.0,46,6.5,32.0,5000.0,6-2020
394,Samsung,Galaxy A30s 3/32GB Black (SM-A307FZKU),Android,1072,4524.0,3999.0,4789.0,4,6.4,32.0,4000.0,9-2019
395,Samsung,Galaxy A30s 4/128GB White,Android,261,6340.0,,,1,6.4,64.0,4000.0,11-2019
396,Samsung,Galaxy A30s 4/128GB White,Android,273,6340.0,,,1,6.4,64.0,4000.0,11-2019
397,Samsung,Galaxy A30s 4/64GB Green (SM-A307FZGV),Android,778,6098.0,5799.0,6399.0,8,6.4,64.0,4000.0,9-2019
398,Samsung,Galaxy A31 4/128GB Black (SM-A315FZKV),Android,1115,6510.0,5894.0,7499.0,74,6.4,128.0,5000.0,4-2020
399,Samsung,Galaxy A31 4/64GB Black (SM-A315FZKU),Android,1185,5997.0,5368.0,6999.0,92,6.4,64.0,5000.0,4-2020
400,Samsung,Galaxy A41 4/64GB Black (SM-A415FZKD),Android,1173,6693.0,5699.0,9547.0,19,6.1,64.0,3500.0,5-2020
